order_id,restaurant_id,customer_zone,distance_km,hour,day_of_week,is_weekend,prep_time_min,traffic_factor,delivery_min
1,1,C,8.06,1,0,0,7,0.91,44.5
2,5,D,8.49,3,0,0,7,0.86,40.7
3,5,E,0.0,15,0,0,8,1.03,15.9
4,4,E,8.49,8,0,0,12,1.25,57.5
5,2,C,4.24,18,0,0,10,0.93,35.5
6,3,D,5.39,4,0,0,5,0.94,30.7
7,3,D,5.39,20,0,0,9,0.88,37.4
8,1,E,8.0,14,0,0,12,0.94,46.4
9,1,B,4.12,1,0,0,12,0.92,30.7
10,2,D,5.39,21,0,0,10,0.96,39.5
11,2,B,0.0,11,0,0,13,0.92,22.6
12,1,B,4.12,15,0,0,10,1.03,31.1
13,4,E,8.49,9,0,0,11,1.19,60.3
14,1,A,0.0,8,0,0,12,1.01,16.9
15,2,E,4.12,21,0,0,13,0.93,35.9
16,4,D,0.0,21,0,0,11,0.92,15.7
17,5,E,0.0,14,0,0,10,1.07,15.8
18,2,B,0.0,23,0,0,12,0.97,20.3
19,1,B,4.12,6,0,0,12,1.02,36.0
20,4,D,0.0,11,0,0,14,0.91,20.9
21,1,A,0.0,18,0,0,11,1.29,19.3
22,3,D,5.39,4,0,0,6,0.96,36.4
23,3,B,4.24,22,0,0,9,1.08,36.4
24,3,E,4.12,20,0,0,9,0.9,29.4
25,2,E,4.12,14,0,0,8,1.0,30.9
26,1,C,8.06,22,0,0,7,0.86,43.9
27,1,D,6.32,3,0,0,12,0.87,42.3
28,2,D,5.39,5,0,0,12,0.89,37.9
29,5,B,4.12,12,0,0,11,1.04,36.0
30,3,C,0.0,12,0,0,8,1.07,14.2
31,2,C,4.24,8,0,0,8,1.14,31.9
32,2,A,4.12,0,0,0,9,0.87,26.6
33,3,B,4.24,3,0,0,7,1.02,28.8
34,2,E,4.12,18,0,0,12,1.09,38.5
35,4,A,6.32,8,0,0,15,1.07,48.0
36,4,A,6.32,21,0,0,15,1.01,48.1
37,1,C,8.06,12,0,0,12,1.07,51.2
38,2,B,0.0,14,0,0,11,0.9,17.2
39,1,E,8.0,12,0,0,6,0.86,43.5
40,1,B,4.12,22,0,0,7,0.95,29.0
41,4,B,5.39,21,0,0,13,0.85,37.1
42,4,E,8.49,10,0,0,15,1.03,54.1
43,3,A,8.06,8,0,0,9,1.22,51.8
44,3,E,4.12,2,0,0,8,0.98,33.1
45,2,E,4.12,2,0,0,8,1.06,28.9
46,1,B,4.12,18,0,0,9,0.91,33.2
47,2,A,4.12,14,0,0,12,0.87,33.9
48,5,C,4.12,13,0,0,8,1.02,30.0
49,3,C,0.0,12,0,0,8,0.93,16.3
50,1,E,8.0,0,0,0,10,1.1,48.7
51,2,B,0.0,13,0,0,10,1.07,19.2
52,3,D,5.39,10,0,0,11,0.99,37.5
53,5,E,0.0,0,0,0,9,1.08,12.7
54,2,A,4.12,9,0,0,13,1.13,36.5
55,5,C,4.12,8,0,0,8,1.19,36.6
56,5,A,8.0,13,0,0,7,1.01,48.1
57,1,B,4.12,0,0,0,11,1.09,33.1
58,4,D,0.0,14,0,0,14,0.85,17.5
59,2,C,4.24,14,0,0,12,0.99,34.8
60,1,A,0.0,10,0,0,8,0.9,12.7
61,1,E,8.0,11,1,0,12,0.95,49.7
62,2,B,0.0,22,1,0,14,0.89,22.6
63,2,A,4.12,21,1,0,9,1.03,31.3
64,4,B,5.39,20,1,0,12,0.89,39.1
65,4,D,0.0,21,1,0,11,0.9,20.4
66,3,B,4.24,10,1,0,6,0.86,24.9
67,3,A,8.06,10,1,0,11,0.92,48.2
68,4,E,8.49,18,1,0,12,1.32,60.6
69,3,C,0.0,7,1,0,5,0.88,11.0
70,3,E,4.12,12,1,0,5,0.95,27.7
71,3,D,5.39,1,1,0,5,0.98,34.8
72,2,A,4.12,11,1,0,13,1.08,38.2
73,1,C,8.06,18,1,0,10,1.0,48.1
74,4,E,8.49,18,1,0,11,0.95,50.9
75,4,B,5.39,18,1,0,14,1.13,44.2
76,1,B,4.12,10,1,0,9,1.05,33.6
77,3,D,5.39,13,1,0,10,0.9,35.7
78,2,C,4.24,17,1,0,12,1.18,39.3
79,1,B,4.12,20,1,0,11,0.93,35.0
80,2,B,0.0,1,1,0,11,1.0,19.4
81,4,E,8.49,12,1,0,11,1.03,51.7
82,4,A,6.32,9,1,0,16,1.28,57.6
83,4,E,8.49,8,1,0,13,0.88,47.6
84,1,D,6.32,12,1,0,11,0.98,42.7
85,3,D,5.39,22,1,0,9,1.05,40.9
86,4,E,8.49,20,1,0,13,1.07,57.5
87,4,B,5.39,12,1,0,16,1.01,46.1
88,5,B,4.12,13,1,0,9,0.96,32.8
89,2,C,4.24,9,1,0,12,0.89,31.2
90,4,B,5.39,18,1,0,10,1.06,38.2
91,4,B,5.39,12,1,0,16,0.96,46.0
92,5,A,8.0,22,1,0,13,1.07,54.3
93,4,C,5.39,0,1,0,12,1.04,43.4
94,4,E,8.49,14,1,0,16,1.0,54.5
95,2,D,5.39,9,1,0,8,1.04,38.1
96,4,D,0.0,18,1,0,11,1.34,17.7
97,4,A,6.32,14,1,0,10,1.01,39.5
98,4,C,5.39,7,1,0,13,0.93,39.2
99,3,D,5.39,19,1,0,7,1.23,42.3
100,3,D,5.39,20,1,0,5,1.04,30.8
101,3,A,8.06,8,1,0,11,1.33,57.2
102,1,B,4.12,22,1,0,12,0.86,30.2
103,2,A,4.12,13,1,0,12,1.09,36.2
104,3,B,4.24,19,1,0,9,1.15,36.7
105,1,B,4.12,19,1,0,8,0.9,26.0
106,3,D,5.39,14,1,0,8,1.09,35.9
107,5,B,4.12,18,1,0,7,1.2,31.9
108,5,E,0.0,20,1,0,13,0.86,19.7
109,3,C,0.0,2,1,0,5,1.06,13.8
110,1,C,8.06,12,1,0,11,1.07,51.7
111,2,E,4.12,12,1,0,13,0.92,36.8
112,5,D,8.49,19,1,0,10,1.26,59.9
113,3,A,8.06,20,1,0,7,1.07,46.2
114,4,D,0.0,14,1,0,12,0.86,21.0
115,2,C,4.24,13,1,0,14,0.91,34.4
116,5,C,4.12,18,1,0,11,0.86,34.8
117,1,D,6.32,9,1,0,9,1.13,42.2
118,4,D,0.0,16,1,0,13,1.05,16.7
119,2,B,0.0,12,1,0,10,1.02,15.6
120,5,D,8.49,14,1,0,12,0.99,51.1
121,4,C,5.39,9,2,0,11,0.91,35.0
122,1,B,4.12,19,2,0,7,0.96,29.2
123,5,E,0.0,22,2,0,11,0.92,14.7
124,2,C,4.24,10,2,0,9,0.93,32.7
125,2,A,4.12,9,2,0,12,1.0,38.1
126,4,A,6.32,4,2,0,14,0.92,43.6
127,3,A,8.06,7,2,0,7,1.09,48.5
128,1,A,0.0,12,2,0,10,1.01,13.4
129,2,C,4.24,20,2,0,8,1.1,30.5
130,4,E,8.49,15,2,0,11,1.04,52.0
131,4,E,8.49,10,2,0,13,0.93,51.9
132,5,A,8.0,22,2,0,13,0.9,46.3
133,1,B,4.12,6,2,0,10,0.87,27.4
134,4,D,0.0,18,2,0,12,0.87,17.0
135,3,D,5.39,18,2,0,5,1.19,40.1
136,5,B,4.12,17,2,0,10,0.91,29.6
137,2,B,0.0,21,2,0,8,0.86,16.5
138,5,E,0.0,19,2,0,9,1.07,15.3
139,3,C,0.0,18,2,0,9,1.12,15.1
140,5,D,8.49,1,2,0,12,0.93,48.3
141,1,E,8.0,8,2,0,10,1.33,62.6
142,3,B,4.24,14,2,0,8,0.98,30.7
143,3,E,4.12,7,2,0,8,1.01,31.1
144,1,D,6.32,13,2,0,8,0.93,35.2
145,2,D,5.39,11,2,0,10,1.02,37.8
146,5,A,8.0,1,2,0,9,0.91,41.9
147,4,A,6.32,21,2,0,15,1.07,48.3
148,1,C,8.06,8,2,0,10,1.23,57.0
149,1,E,8.0,8,2,0,7,1.31,55.0
150,4,E,8.49,5,2,0,16,0.91,51.0
151,5,D,8.49,0,2,0,7,0.91,46.8
152,1,A,0.0,12,2,0,11,1.06,17.5
153,3,C,0.0,13,2,0,8,1.06,17.9
154,2,B,0.0,12,2,0,11,0.9,18.2
155,2,C,4.24,21,2,0,14,1.05,37.7
156,5,A,8.0,9,2,0,9,1.21,56.6
157,5,D,8.49,23,2,0,13,0.89,50.0
158,3,E,4.12,11,2,0,8,0.96,29.1
159,2,B,0.0,23,2,0,12,0.95,21.0
160,4,D,0.0,1,2,0,15,1.08,20.7
161,2,A,4.12,13,2,0,9,0.98,32.3
162,1,D,6.32,21,2,0,6,0.98,37.0
163,2,B,0.0,12,2,0,8,0.97,17.8
164,3,D,5.39,16,2,0,10,0.87,34.1
165,5,C,4.12,11,2,0,12,1.03,37.3
166,5,A,8.0,1,2,0,8,1.01,49.8
167,2,D,5.39,19,2,0,8,1.23,42.4
168,1,C,8.06,12,2,0,6,0.86,42.3
169,3,D,5.39,11,2,0,6,0.91,31.5
170,2,A,4.12,7,2,0,12,1.07,37.0
171,2,E,4.12,13,2,0,9,0.91,31.5
172,4,A,6.32,9,2,0,16,1.08,48.3
173,5,D,8.49,6,2,0,9,1.1,51.5
174,4,D,0.0,18,2,0,16,1.0,26.0
175,4,D,0.0,4,2,0,14,0.94,19.1
176,3,D,5.39,0,2,0,7,0.85,34.4
177,1,D,6.32,21,2,0,12,1.08,44.3
178,2,C,4.24,15,2,0,9,1.01,33.5
179,2,A,4.12,16,2,0,10,1.05,30.5
180,3,A,8.06,19,2,0,7,1.01,45.5
181,2,E,4.12,5,3,0,10,0.98,35.5
182,2,D,5.39,9,3,0,14,1.0,44.7
183,1,A,0.0,13,3,0,7,1.04,11.6
184,4,E,8.49,22,3,0,12,0.87,47.3
185,3,D,5.39,14,3,0,7,1.02,36.7
186,5,C,4.12,11,3,0,7,1.02,30.1
187,5,E,0.0,21,3,0,9,1.08,13.5
188,1,D,6.32,16,3,0,11,0.93,40.4
189,2,A,4.12,1,3,0,10,1.1,31.9
190,2,B,0.0,21,3,0,11,0.96,18.7
191,5,B,4.12,12,3,0,10,1.01,35.5
192,5,C,4.12,12,3,0,7,1.02,28.3
193,4,C,5.39,22,3,0,10,1.1,39.3
194,3,C,0.0,2,3,0,6,1.09,15.6
195,4,B,5.39,3,3,0,15,1.01,46.6
196,1,B,4.12,19,3,0,7,1.24,31.9
197,5,B,4.12,8,3,0,13,1.28,39.4
198,2,E,4.12,19,3,0,8,0.99,34.2
199,2,B,0.0,14,3,0,8,1.02,11.2
200,1,B,4.12,11,3,0,10,0.93,29.5
201,1,D,6.32,5,3,0,10,0.88,35.7
202,4,E,8.49,19,3,0,14,0.9,51.1
203,5,E,0.0,1,3,0,9,0.96,18.7
204,1,D,6.32,23,3,0,9,1.02,41.2
205,4,A,6.32,3,3,0,12,1.0,40.7
206,3,E,4.12,16,3,0,9,1.03,31.6
207,5,D,8.49,13,3,0,11,1.0,48.7
208,1,E,8.0,20,3,0,11,1.07,51.3
209,2,D,5.39,12,3,0,11,0.95,35.1
210,4,C,5.39,10,3,0,12,1.09,43.3
211,4,A,6.32,2,3,0,10,0.96,42.5
212,3,E,4.12,20,3,0,5,1.0,28.4
213,3,D,5.39,18,3,0,7,1.29,44.4
214,4,A,6.32,21,3,0,12,1.0,42.7
215,5,B,4.12,13,3,0,12,0.97,36.9
216,3,C,0.0,20,3,0,5,1.04,12.0
217,4,E,8.49,20,3,0,14,1.02,55.5
218,5,C,4.12,22,3,0,7,0.9,29.8
219,3,C,0.0,22,3,0,5,0.9,9.0
220,4,A,6.32,3,3,0,10,1.04,40.8
221,4,B,5.39,12,3,0,12,0.93,37.3
222,5,A,8.0,14,3,0,8,0.89,43.8
223,1,D,6.32,9,3,0,9,1.15,44.0
224,2,A,4.12,19,3,0,10,1.06,32.5
225,5,C,4.12,13,3,0,7,0.91,31.9
226,1,C,8.06,0,3,0,7,1.04,48.9
227,3,A,8.06,11,3,0,8,1.04,45.8
228,4,B,5.39,14,3,0,14,0.99,43.0
229,3,A,8.06,3,3,0,8,0.85,44.9
230,3,E,4.12,14,3,0,8,1.03,30.9
231,1,C,8.06,12,3,0,7,1.05,48.2
232,3,A,8.06,3,3,0,6,0.96,42.8
233,1,C,8.06,12,3,0,11,0.93,46.3
234,2,A,4.12,3,3,0,12,0.98,37.5
235,3,B,4.24,11,3,0,6,0.88,25.7
236,2,A,4.12,15,3,0,9,1.09,34.4
237,4,E,8.49,19,3,0,13,1.19,62.6
238,5,C,4.12,11,3,0,8,0.96,30.1
239,3,E,4.12,20,3,0,5,0.94,24.0
240,4,A,6.32,12,3,0,12,1.06,42.3
241,1,E,8.0,15,4,0,9,0.97,46.9
242,1,E,8.0,12,4,0,11,0.9,47.0
243,5,A,8.0,6,4,0,10,0.88,47.5
244,3,A,8.06,23,4,0,9,1.01,44.8
245,4,E,8.49,23,4,0,14,1.0,53.5
246,3,C,0.0,11,4,0,10,1.0,18.5
247,3,A,8.06,2,4,0,9,1.02,46.9
248,5,C,4.12,21,4,0,7,1.0,27.5
249,3,D,5.39,10,4,0,6,1.0,37.1
250,3,C,0.0,14,4,0,11,0.88,18.9
251,5,D,8.49,4,4,0,11,0.94,48.5
252,2,C,4.24,22,4,0,14,0.97,35.0
253,2,C,4.24,6,4,0,14,1.05,38.4
254,5,E,0.0,20,4,0,7,1.02,16.1
255,5,D,8.49,5,4,0,8,0.89,47.0
256,5,B,4.12,20,4,0,12,0.96,33.7
257,2,E,4.12,22,4,0,10,1.04,35.6
258,2,C,4.24,14,4,0,14,1.05,41.1
259,2,E,4.12,11,4,0,11,0.97,32.0
260,4,D,0.0,13,4,0,11,1.05,19.6
261,2,A,4.12,21,4,0,13,0.97,34.6
262,1,E,8.0,18,4,0,12,0.91,44.7
263,2,E,4.12,9,4,0,9,1.27,33.6
264,2,C,4.24,20,4,0,8,0.95,29.9
265,3,A,8.06,9,4,0,7,0.96,43.2
266,1,C,8.06,20,4,0,12,0.89,44.0
267,4,B,5.39,18,4,0,16,1.2,48.0
268,1,A,0.0,21,4,0,8,0.9,12.0
269,5,A,8.0,13,4,0,13,0.92,47.5
270,1,E,8.0,9,4,0,9,0.88,46.0
271,4,A,6.32,14,4,0,15,0.98,44.5
272,2,A,4.12,10,4,0,12,0.94,34.5
273,2,A,4.12,17,4,0,12,1.34,37.6
274,5,E,0.0,14,4,0,11,0.86,20.1
275,1,C,8.06,16,4,0,8,1.04,47.0
276,1,A,0.0,11,4,0,12,1.0,20.3
277,2,E,4.12,1,4,0,10,1.05,31.5
278,4,D,0.0,23,4,0,15,0.9,18.9
279,4,B,5.39,1,4,0,10,1.05,41.8
280,3,E,4.12,22,4,0,8,1.1,32.9
281,3,B,4.24,1,4,0,7,0.94,31.4
282,3,C,0.0,9,4,0,8,1.29,16.2
283,4,B,5.39,11,4,0,13,1.02,40.6
284,5,A,8.0,9,4,0,12,1.06,51.9
285,2,C,4.24,14,4,0,8,0.87,30.4
286,3,D,5.39,12,4,0,6,1.02,33.5
287,1,C,8.06,18,4,0,10,1.35,58.4
288,1,D,6.32,3,4,0,8,0.98,41.0
289,2,B,0.0,22,4,0,14,1.0,22.5
290,1,B,4.12,5,4,0,12,1.01,34.2
291,5,B,4.12,1,4,0,12,0.96,33.4
292,4,E,8.49,19,4,0,11,1.11,54.5
293,3,A,8.06,9,4,0,5,1.22,50.8
294,4,A,6.32,21,4,0,12,1.04,46.2
295,2,C,4.24,23,4,0,13,1.08,37.8
296,1,A,0.0,5,4,0,9,0.89,17.0
297,1,C,8.06,20,4,0,11,0.94,44.8
298,5,C,4.12,10,4,0,13,0.89,35.6
299,2,E,4.12,20,4,0,9,0.88,27.9
300,2,D,5.39,9,4,0,8,1.03,37.2
301,4,E,8.49,20,5,1,11,1.09,51.6
302,3,D,5.39,12,5,1,9,1.01,36.6
303,5,C,4.12,3,5,1,12,0.87,32.6
304,5,E,0.0,11,5,1,12,1.0,20.4
305,2,A,4.12,12,5,1,14,0.9,32.9
306,2,B,0.0,7,5,1,10,1.09,16.6
307,3,C,0.0,20,5,1,6,1.1,12.9
308,2,E,4.12,16,5,1,12,0.89,34.2
309,5,B,4.12,22,5,1,8,1.01,32.7
310,5,E,0.0,11,5,1,7,1.06,10.2
311,1,E,8.0,22,5,1,8,1.01,48.7
312,4,A,6.32,15,5,1,13,1.21,50.4
313,3,D,5.39,13,5,1,7,1.03,37.0
314,2,D,5.39,12,5,1,11,0.93,38.3
315,3,C,0.0,21,5,1,10,1.25,15.4
316,4,C,5.39,5,5,1,14,0.99,40.6
317,4,D,0.0,5,5,1,11,0.89,14.4
318,4,D,0.0,21,5,1,11,1.24,20.3
319,3,C,0.0,22,5,1,6,1.04,12.5
320,5,C,4.12,13,5,1,10,0.86,33.8
321,5,B,4.12,12,5,1,8,1.08,29.1
322,3,D,5.39,13,5,1,7,1.06,38.8
323,4,C,5.39,5,5,1,15,0.94,41.1
324,1,E,8.0,12,5,1,10,0.93,46.6
325,1,D,6.32,11,5,1,12,0.99,45.8
326,5,A,8.0,18,5,1,8,1.48,61.1
327,3,C,0.0,14,5,1,11,0.91,18.2
328,4,A,6.32,13,5,1,10,0.9,38.1
329,4,B,5.39,13,5,1,14,1.21,44.1
330,5,D,8.49,10,5,1,11,1.03,51.1
331,3,E,4.12,13,5,1,9,1.05,33.2
332,4,C,5.39,20,5,1,12,1.12,46.0
333,5,A,8.0,10,5,1,11,0.97,51.8
334,5,A,8.0,14,5,1,11,1.04,50.9
335,5,D,8.49,19,5,1,8,1.38,59.6
336,5,A,8.0,22,5,1,8,0.85,40.4
337,2,B,0.0,12,5,1,11,1.05,18.3
338,4,A,6.32,21,5,1,15,0.91,42.5
339,3,D,5.39,23,5,1,9,0.94,39.0
340,4,C,5.39,21,5,1,14,0.99,43.7
341,3,B,4.24,15,5,1,6,0.96,27.4
342,3,B,4.24,19,5,1,10,1.31,37.4
343,3,C,0.0,14,5,1,7,0.9,14.7
344,4,D,0.0,21,5,1,16,0.99,24.4
345,2,C,4.24,10,5,1,13,0.87,37.2
346,3,B,4.24,19,5,1,6,1.39,34.5
347,5,B,4.12,18,5,1,7,1.25,34.7
348,2,E,4.12,2,5,1,9,1.01,29.0
349,4,D,0.0,11,5,1,10,1.02,14.0
350,5,B,4.12,23,5,1,10,1.01,35.8
351,4,B,5.39,13,5,1,16,1.24,48.0
352,1,A,0.0,21,5,1,11,1.08,17.7
353,1,B,4.12,21,5,1,9,1.2,33.0
354,1,D,6.32,23,5,1,12,0.97,46.1
355,3,A,8.06,21,5,1,7,1.08,45.6
356,3,E,4.12,10,5,1,9,0.97,34.6
357,5,B,4.12,13,5,1,13,0.9,32.0
358,4,B,5.39,17,5,1,10,1.33,47.2
359,5,B,4.12,18,5,1,8,1.25,36.1
360,4,E,8.49,20,5,1,12,0.88,49.6
361,2,D,5.39,23,6,1,10,1.08,36.3
362,4,C,5.39,9,6,1,12,1.0,41.6
363,1,C,8.06,9,6,1,11,0.97,49.9
364,4,D,0.0,10,6,1,15,0.98,24.3
365,3,C,0.0,18,6,1,7,1.25,11.5
366,2,D,5.39,13,6,1,13,1.25,45.6
367,5,E,0.0,21,6,1,13,1.12,17.5
368,2,E,4.12,18,6,1,14,1.36,43.1
369,5,A,8.0,18,6,1,11,0.92,49.2
370,5,E,0.0,8,6,1,8,0.93,17.0
371,4,B,5.39,5,6,1,15,1.0,40.2
372,5,A,8.0,12,6,1,10,0.9,44.7
373,5,D,8.49,2,6,1,12,1.05,55.7
374,4,A,6.32,9,6,1,15,0.96,42.8
375,4,A,6.32,11,6,1,14,1.1,51.4
376,1,D,6.32,23,6,1,6,0.92,33.5
377,2,D,5.39,19,6,1,10,1.5,48.0
378,4,E,8.49,11,6,1,11,1.01,50.7
379,2,D,5.39,23,6,1,12,0.88,40.8
380,1,C,8.06,19,6,1,9,1.29,57.4
381,5,B,4.12,11,6,1,8,0.97,28.1
382,2,A,4.12,22,6,1,8,1.05,31.2
383,1,A,0.0,9,6,1,6,1.15,12.1
384,1,A,0.0,9,6,1,9,1.07,15.8
385,1,C,8.06,6,6,1,7,1.05,49.0
386,3,C,0.0,14,6,1,6,0.97,10.0
387,5,C,4.12,8,6,1,9,0.88,33.1
388,2,D,5.39,16,6,1,12,1.05,44.4
389,4,C,5.39,19,6,1,15,1.12,43.2
390,4,E,8.49,7,6,1,13,0.91,48.5
391,2,A,4.12,20,6,1,12,1.02,34.7
392,5,B,4.12,5,6,1,9,0.9,31.4
393,4,A,6.32,20,6,1,14,1.14,47.2
394,3,E,4.12,11,6,1,9,0.86,26.7
395,5,E,0.0,18,6,1,8,1.16,17.1
396,3,A,8.06,10,6,1,6,1.08,50.6
397,1,D,6.32,19,6,1,7,1.3,47.8
398,4,E,8.49,21,6,1,12,1.16,57.1
399,5,C,4.12,17,6,1,9,1.08,36.0
400,4,D,0.0,4,6,1,16,1.06,25.4
401,3,A,8.06,10,6,1,9,1.07,51.7
402,1,E,8.0,9,6,1,10,1.21,53.8
403,2,D,5.39,11,6,1,12,1.06,41.3
404,3,D,5.39,9,6,1,10,1.17,41.7
405,2,C,4.24,19,6,1,9,0.94,31.8
406,2,E,4.12,22,6,1,13,1.09,37.6
407,1,A,0.0,22,6,1,12,0.85,16.0
408,2,B,0.0,2,6,1,8,0.9,14.2
409,1,E,8.0,15,6,1,9,1.11,47.6
410,5,A,8.0,14,6,1,7,1.06,45.8
411,3,D,5.39,0,6,1,11,1.08,38.5
412,1,B,4.12,13,6,1,7,1.1,29.9
413,3,D,5.39,9,6,1,5,1.04,33.3
414,5,B,4.12,9,6,1,9,1.19,37.5
415,1,D,6.32,4,6,1,9,0.99,37.4
416,1,A,0.0,18,6,1,9,1.4,16.5
417,3,A,8.06,14,6,1,9,1.22,52.9
418,5,A,8.0,13,6,1,7,1.12,47.8
419,5,A,8.0,14,6,1,8,1.22,52.2
420,2,D,5.39,14,6,1,8,0.97,35.9
421,5,D,8.49,20,0,0,12,1.07,53.7
422,2,A,4.12,19,0,0,12,1.22,37.5
423,1,A,0.0,12,0,0,8,1.0,15.3
424,5,C,4.12,12,0,0,7,1.01,32.1
425,4,C,5.39,13,0,0,14,1.09,43.5
426,5,A,8.0,17,0,0,13,1.16,58.7
427,1,B,4.12,3,0,0,9,1.03,33.4
428,4,A,6.32,10,0,0,10,0.85,36.6
429,3,A,8.06,19,0,0,6,0.89,40.7
430,5,D,8.49,14,0,0,7,0.86,41.7
431,1,C,8.06,14,0,0,12,0.95,47.7
432,4,E,8.49,19,0,0,11,1.14,53.9
433,4,C,5.39,7,0,0,12,0.92,35.9
434,2,D,5.39,12,0,0,10,0.97,34.5
435,3,D,5.39,22,0,0,9,1.0,36.8
436,2,D,5.39,10,0,0,10,1.06,38.5
437,3,D,5.39,12,0,0,11,1.06,41.4
438,5,C,4.12,5,0,0,11,1.09,33.4
439,3,D,5.39,7,0,0,7,0.92,34.7
440,4,B,5.39,22,0,0,12,0.94,41.0
441,4,E,8.49,11,0,0,11,1.0,51.8
442,5,D,8.49,1,0,0,12,0.9,51.1
443,1,D,6.32,20,0,0,11,0.97,43.0
444,2,B,0.0,9,0,0,13,1.06,18.6
445,4,D,0.0,23,0,0,14,0.95,20.5
446,4,C,5.39,14,0,0,15,1.07,44.8
447,1,B,4.12,4,0,0,11,1.02,32.0
448,5,D,8.49,1,0,0,13,0.93,53.2
449,1,C,8.06,0,0,0,7,0.98,45.2
450,5,B,4.12,18,0,0,10,1.04,33.4
451,5,B,4.12,18,0,0,9,1.35,37.6
452,3,A,8.06,12,0,0,5,1.06,47.3
453,3,D,5.39,10,0,0,11,0.9,36.8
454,4,D,0.0,4,0,0,12,0.87,15.3
455,1,C,8.06,0,0,0,11,0.88,48.0
456,2,E,4.12,13,0,0,9,0.93,30.3
457,4,D,0.0,9,0,0,15,0.94,22.5
458,4,E,8.49,12,0,0,11,0.96,49.6
459,1,B,4.12,18,0,0,8,1.23,36.9
460,1,E,8.0,14,0,0,7,0.94,41.5
461,1,D,6.32,9,0,0,10,1.33,48.8
462,4,E,8.49,15,0,0,10,0.94,50.8
463,5,C,4.12,7,0,0,11,1.0,35.2
464,3,C,0.0,5,0,0,5,0.9,12.9
465,5,E,0.0,11,0,0,8,0.99,14.0
466,4,B,5.39,16,0,0,14,0.89,38.2
467,2,D,5.39,10,0,0,12,0.86,36.1
468,1,B,4.12,13,0,0,12,0.95,34.6
469,4,D,0.0,12,0,0,13,1.03,19.1
470,2,A,4.12,3,0,0,14,1.04,36.2
471,3,C,0.0,8,0,0,6,1.24,13.0
472,4,A,6.32,14,0,0,14,0.88,44.7
473,3,A,8.06,14,0,0,11,1.03,51.0
474,4,B,5.39,4,0,0,12,1.07,38.3
475,3,A,8.06,11,0,0,8,1.07,46.3
476,2,E,4.12,8,0,0,13,1.03,37.9
477,4,B,5.39,7,0,0,16,0.9,39.9
478,1,E,8.0,14,0,0,8,1.0,44.2
479,3,C,0.0,10,0,0,11,0.98,20.3
480,1,D,6.32,5,0,0,6,1.1,42.9
481,2,B,0.0,18,1,0,9,0.92,14.3
482,2,D,5.39,19,1,0,11,0.92,38.3
483,4,A,6.32,11,1,0,15,1.05,49.9
484,4,C,5.39,13,1,0,15,1.08,43.9
485,4,A,6.32,11,1,0,16,1.04,50.4
486,4,C,5.39,16,1,0,16,0.87,41.5
487,2,B,0.0,22,1,0,11,0.92,19.8
488,3,B,4.24,14,1,0,9,1.06,35.5
489,1,D,6.32,1,1,0,6,0.88,37.2
490,4,D,0.0,12,1,0,11,1.1,20.4
491,3,C,0.0,6,1,0,5,1.01,9.8
492,3,B,4.24,17,1,0,5,1.05,27.9
493,2,A,4.12,12,1,0,13,0.87,31.8
494,1,B,4.12,5,1,0,10,1.02,29.9
495,3,D,5.39,20,1,0,10,0.88,32.5
496,4,A,6.32,3,1,0,10,0.93,42.7
497,2,B,0.0,11,1,0,13,1.1,17.0
498,5,E,0.0,14,1,0,12,0.89,17.5
499,2,B,0.0,16,1,0,11,1.0,17.1
500,2,A,4.12,3,1,0,9,1.04,33.3
501,4,D,0.0,11,1,0,12,1.05,16.7
502,1,E,8.0,9,1,0,10,1.21,53.7
503,1,C,8.06,20,1,0,7,0.98,45.2
504,4,A,6.32,10,1,0,16,1.07,52.7
505,4,B,5.39,11,1,0,13,1.01,38.3
506,1,C,8.06,23,1,0,7,0.95,46.5
507,4,B,5.39,11,1,0,16,0.97,46.8
508,1,A,0.0,0,1,0,6,0.92,9.3
509,1,D,6.32,22,1,0,10,0.92,41.2
510,4,D,0.0,12,1,0,10,1.01,16.8
511,2,C,4.24,10,1,0,8,0.98,29.0
512,2,D,5.39,14,1,0,12,1.01,42.6
513,1,D,6.32,10,1,0,11,1.09,43.2
514,2,D,5.39,3,1,0,8,0.96,36.0
515,3,B,4.24,17,1,0,5,0.86,23.5
516,1,C,8.06,7,1,0,10,0.98,50.4
517,3,B,4.24,7,1,0,10,1.05,32.7
518,1,A,0.0,19,1,0,8,1.25,12.9
519,1,E,8.0,9,1,0,11,0.89,45.7
520,3,E,4.12,2,1,0,6,0.94,26.3
521,1,A,0.0,21,1,0,7,1.04,10.0
522,1,D,6.32,9,1,0,8,1.04,38.3
523,1,D,6.32,14,1,0,7,0.93,36.4
524,3,A,8.06,9,1,0,9,1.04,49.0
525,1,E,8.0,7,1,0,6,1.09,44.4
526,4,C,5.39,21,1,0,12,0.87,37.0
527,3,E,4.12,8,1,0,11,1.0,34.8
528,4,D,0.0,11,1,0,16,1.04,24.1
529,5,B,4.12,19,1,0,8,0.85,27.9
530,2,A,4.12,14,1,0,10,0.85,31.6
531,3,E,4.12,4,1,0,6,0.95,31.4
532,2,A,4.12,18,1,0,8,1.31,38.9
533,5,C,4.12,12,1,0,10,1.09,31.6
534,1,D,6.32,13,1,0,6,1.0,34.7
535,2,C,4.24,9,1,0,14,1.01,39.7
536,3,C,0.0,10,1,0,6,0.87,10.4
537,5,A,8.0,4,1,0,8,0.96,43.9
538,1,B,4.12,14,1,0,9,0.93,29.2
539,1,C,8.06,3,1,0,12,1.03,52.4
540,2,C,4.24,20,1,0,9,0.87,28.5
541,3,A,8.06,12,2,0,10,0.92,48.4
542,2,D,5.39,1,2,0,14,0.96,42.9
543,2,A,4.12,4,2,0,14,1.05,35.2
544,1,B,4.12,20,2,0,7,0.9,27.6
545,1,C,8.06,14,2,0,12,0.87,50.0
546,2,D,5.39,21,2,0,14,0.88,42.3
547,3,D,5.39,5,2,0,5,0.89,31.2
548,4,D,0.0,13,2,0,15,0.96,20.5
549,2,D,5.39,9,2,0,9,0.87,35.1
550,2,D,5.39,17,2,0,11,1.29,45.2
551,1,B,4.12,10,2,0,9,0.9,33.0
552,5,E,0.0,9,2,0,13,0.86,18.7
553,3,D,5.39,13,2,0,7,1.08,36.8
554,4,A,6.32,9,2,0,12,1.15,44.3
555,3,D,5.39,2,2,0,9,0.94,36.4
556,2,A,4.12,22,2,0,9,1.01,30.5
557,1,B,4.12,19,2,0,10,1.27,39.5
558,3,B,4.24,22,2,0,6,0.91,26.7
559,3,A,8.06,21,2,0,10,1.03,52.8
560,5,B,4.12,6,2,0,13,1.1,40.3
561,4,B,5.39,14,2,0,13,0.86,34.9
562,5,E,0.0,8,2,0,10,0.85,19.4
563,2,C,4.24,20,2,0,13,0.89,36.7
564,3,B,4.24,2,2,0,9,1.03,30.5
565,1,C,8.06,20,2,0,6,0.94,45.9
566,4,C,5.39,14,2,0,12,0.93,41.9
567,4,D,0.0,19,2,0,15,1.01,23.0
568,5,E,0.0,18,2,0,13,1.03,20.7
569,2,C,4.24,11,2,0,9,0.89,27.1
570,5,E,0.0,11,2,0,7,0.9,12.2
571,5,E,0.0,8,2,0,7,1.32,11.0
572,1,C,8.06,9,2,0,7,1.17,54.5
573,3,C,0.0,12,2,0,6,0.91,9.5
574,3,A,8.06,19,2,0,5,1.04,46.7
575,2,D,5.39,21,2,0,11,0.94,36.9
576,4,E,8.49,19,2,0,15,1.23,61.3
577,4,A,6.32,3,2,0,12,0.86,38.6
578,1,B,4.12,3,2,0,9,0.89,27.2
579,1,E,8.0,11,2,0,9,1.03,48.0
580,2,D,5.39,15,2,0,9,0.86,32.9
581,2,E,4.12,12,2,0,13,1.08,37.6
582,3,A,8.06,10,2,0,5,0.95,42.5
583,4,C,5.39,6,2,0,10,0.96,35.8
584,5,A,8.0,13,2,0,7,0.9,43.3
585,1,A,0.0,13,2,0,8,1.05,14.3
586,3,E,4.12,3,2,0,8,0.9,32.0
587,3,A,8.06,8,2,0,7,1.07,46.3
588,3,B,4.24,14,2,0,11,1.02,32.0
589,3,D,5.39,20,2,0,11,1.0,39.4
590,4,D,0.0,20,2,0,14,1.02,23.6
591,5,D,8.49,21,2,0,9,0.87,47.9
592,1,E,8.0,13,2,0,12,0.99,53.6
593,2,D,5.39,5,2,0,9,1.09,36.7
594,2,B,0.0,20,2,0,8,0.96,17.9
595,4,B,5.39,8,2,0,16,1.15,46.0
596,1,E,8.0,3,2,0,9,0.99,49.7
597,5,A,8.0,12,2,0,13,1.03,53.1
598,4,B,5.39,4,2,0,11,0.99,39.4
599,1,E,8.0,22,2,0,12,0.88,45.2
600,5,D,8.49,21,2,0,9,0.95,47.7
